GCA_000009005.1_Saureus_RF122,18,41,2714,11,13,4
GCA_000009585.1_Saureus_typestrain_ST398,82,172,2845,12,61,39
GCA_000009645.1_Saureus_N315,20,71,2791,20,2,2
GCA_000009665.1_Saureus_Mu50,32,77,2894,22,18,4
GCA_000010445.1_Saureus_Mu3,32,73,2863,16,20,4
GCA_000010465.1_Saureus_Newman,78,189,2914,7,66,41
GCA_000011265.1_Saureus_MW2,12,24,2771,0,0,8
GCA_000011505.1_Saureus_MRSA252,19,54,2797,27,1,4
GCA_000011525.1_Saureus_MSSA476,10,20,2714,0,0,4
GCA_000012045.1_Saureus_COL,14,30,2787,8,0,4
GCA_000013425.1_Saureus_NCTC8325,22,48,2767,0,22,0
GCA_000013465.1_Saureus_USA300_FPR3757,27,58,2918,14,11,11
GCA_000016805.1_Saureus_JH9,55,127,2941,17,30,22
GCA_000017085.1_Saureus_TCH1516,27,57,2918,13,11,11
GCA_000017125.1_Saureus_JH1,55,127,2941,17,30,22
GCA_000024585.1_Saureus_ED98,27,61,2818,9,16,13
GCA_000025145.2_Saureus_04-02981,24,53,2780,12,4,8
GCA_000027045.1_Saureus_TW20,50,115,3109,27,17,8
GCA_000144955.1_Saureus_JKD6159,11,27,2781,7,4,6
GCA_000145595.1_Saureus_JKD6008,29,85,2937,34,11,6
GCA_000159535.2_Saureus_TCH60,9,25,2758,13,0,2
GCA_000189455.3_Saureus_O46,36,69,2791,5,13,9
GCA_000204665.1_Saureus_T0131,34,113,2907,37,33,2
GCA_000210315.1_Saureus_ED133,48,112,2808,7,47,23
GCA_000237125.3_Saureus_M013,14,44,2741,26,4,0
GCA_000237265.1_Saureus_LGA251,9,19,2657,3,0,0
GCA_000239235.1_Saureus_11819-97,31,67,2852,8,13,9
GCA_000245495.1_Saureus_VC40,14,29,2633,7,0,2
GCA_000253135.1_Saureus_ECT-R2,11,28,2704,9,2,2
GCA_000284535.1_Saureus_HO50960412,20,55,2781,20,7,4
GCA_000296595.1_Saureus_08BA02176,9,20,2704,6,0,6
GCA_000382965.1_Saureus_ST228,17,55,2743,18,0,0
GCA_000382985.1_Saureus_ST228,16,53,2738,18,0,2
GCA_000383005.1_Saureus_ST228,16,53,2731,16,0,2
GCA_000412775.1_Saureus_CA-347,32,69,2851,11,12,7
GCA_000418345.1_Saureus_Bmb9393,45,110,3007,33,23,14
GCA_000452385.2_Saureus_Tager104,35,70,2776,6,12,14
GCA_000462955.1_Saureus_6850,14,35,2662,19,0,2
GCA_000463055.1_Saureus_CN1,14,30,2704,10,2,4
GCA_000470845.1_Saureus_SA957,16,46,2716,24,4,0
GCA_000470865.1_Saureus_SA40,12,39,2631,23,2,0
GCA_000485885.1_Saureus_Z172,39,98,3058,32,11,6
GCA_000568455.1_Saureus_USA300-ISMMS1,41,87,2972,13,20,20
GCA_000597965.1_Saureus_502A,22,48,2752,7,6,8
GCA_000626615.3_Saureus_FDAARGOS_5,16,30,2846,5,0,4
GCA_000695215.1_Saureus_H-EMRSA-15,20,54,2798,19,7,4
GCA_000695875.1_Saureus_UA-S391_USA300,26,53,2875,9,11,11
GCA_000709475.1_Saureus_XN108,56,120,3147,11,43,17
GCA_000737615.1_Saureus_SA268,30,74,2787,24,19,12
GCA_000746505.1_Saureus_2395USA500,47,120,3042,36,33,13
GCA_000756205.1_Saureus_ATCC25923,19,44,2745,10,11,4
GCA_000769575.1_Saureus_Gv69,52,138,3101,36,29,22
GCA_000772025.1_Saureus_FORC_001,39,95,2847,28,20,8
GCA_000815045.1_Saureus_29b_MRSA,27,55,2874,11,11,11
GCA_000815085.1_Saureus_31b_MRSA,27,55,2873,11,11,11
GCA_000815125.1_Saureus_33b,27,55,2873,11,11,11
GCA_000815165.1_Saureus_26b_MRSA,26,53,2873,9,11,11
GCA_000815205.1_Saureus_25b_MRSA,27,55,2875,11,11,11
GCA_000815245.1_Saureus_27b_MRSA,27,55,2874,11,11,11
GCA_000828035.1_Saureus_DAR4145,34,74,2820,14,16,16
GCA_000967325.1_Saureus_ST228,18,58,2742,19,0,2
GCA_000967345.1_Saureus_ST228,17,56,2742,19,0,2
GCA_000967365.1_Saureus_ST228,19,59,2743,20,0,2
GCA_000967385.1_Saureus_ST228,17,55,2742,19,0,2
GCA_000967405.1_Saureus_ST228,17,55,2731,18,0,2
GCA_000969225.1_Saureus_FCFHV36,34,76,2827,10,18,9
GCA_001018645.2_Saureus_FDAARGOS_2,10,20,2767,0,0,4
GCA_001018655.2_Saureus_FDAARGOS_6,23,53,2770,19,4,4
GCA_001018685.2_Saureus_TCH959,23,46,2799,8,6,8
GCA_001018725.2_Saureus_FDAARGOS_10,70,148,2910,4,52,31
GCA_001018735.2_Saureus_NRS137,17,30,2670,6,0,4
GCA_001018775.2_Saureus_NRS149,22,50,2722,7,6,8
GCA_001018805.2_Saureus_FDAARGOS_15,40,81,2788,7,16,22
GCA_001018835.2_Saureus_NRS271,25,62,2848,19,7,4
GCA_001018845.2_Saureus_NRS153,20,60,2836,23,13,9
GCA_001018915.2_Saureus_NRS133,15,26,2708,4,0,4
GCA_001018975.2_Saureus_NRS143,35,84,2820,22,25,10
GCA_001019125.2_Saureus_FDAARGOS_43,11,22,2841,0,0,8
GCA_001019205.2_Saureus_FDAARGOS_48,29,63,2907,5,13,22
GCA_001019255.2_Saureus_FDAARGOS_1,30,65,2911,5,14,22
GCA_001019275.2_Saureus_NRS107,16,32,2668,8,0,4
GCA_001019305.2_Saureus_NRS70,20,70,2762,20,2,2
GCA_001019395.2_Saureus_NRS484,9,27,2751,15,0,2
GCA_001019415.2_Saureus_NRS146,15,30,2634,4,0,4
GCA_001019435.2_Saureus_NRS1,32,73,2862,16,20,4
GCA_001019485.2_Saureus_NRS120,41,92,3006,19,33,13
GCA_001019495.2_Saureus_FDAARGOS_40,32,73,2878,16,20,4
GCA_001019535.2_Saureus_Mw2,12,22,2773,0,0,8
GCA_001019575.2_Saureus_HPV107,51,119,2976,12,43,23
GCA_001021875.1_Saureus_M121,27,61,2947,14,7,13
GCA_001021895.1_Saureus_CA15,24,52,2862,14,6,8
GCA_001027045.1_Saureus_RKI4,12,22,2709,2,2,0
GCA_001027105.1_Saureus_DSM20231,16,33,2743,9,0,4
GCA_001045795.2_Saureus_CA12,23,53,2860,17,6,8
GCA_001045995.2_Saureus_HUV05,30,64,2909,14,6,8
GCA_001046095.2_Saureus_V2200,31,65,2863,13,6,12
GCA_001183705.3_Saureus_USA300_2014.C01,32,67,3042,13,19,13
GCA_001183725.2_Saureus_USA300_2014.C02,29,57,2869,11,11,11
GCA_001278745.1_Saureus_HOU1444-VR,56,123,2889,13,44,17
GCA_001281145.1_Saureus_SA564,20,48,2766,9,10,4
GCA_001296985.1_Saureus_GR2,20,43,2788,10,8,4
GCA_001298325.2_Saureus_BA01611,75,166,2826,28,30,30
GCA_001307235.1_Saureus_JS395,30,78,2830,13,28,6
GCA_001444345.1_Saureus_XQ,10,31,2759,15,4,2
GCA_001456215.1_Saureus_MS4,81,179,2656,27,76,16
GCA_001457495.1_Saureus_NCTC13435,19,38,2766,7,8,4
GCA_001465635.1_Saureus_RIVM1295,10,26,2700,10,0,8
GCA_001465675.1_Saureus_RIVM1607,10,23,2668,7,0,8
GCA_001465755.1_Saureus_RIVM3897,52,106,2851,8,24,22
GCA_001515665.1_Saureus_Gv51,38,97,3018,31,18,13
GCA_001515685.1_Saureus_Be62,45,126,3022,42,29,12
GCA_001515705.1_Saureus_Gv88,48,118,3018,34,26,16
GCA_001515745.1_Saureus_HC1340,58,164,3096,45,38,23
GCA_001515765.1_Saureus_HC1335,38,103,3011,34,24,12
GCA_001548295.1_Saureus_FDA209P,15,37,2759,14,2,2
GCA_001548415.1_Saureus_MI,34,84,2911,22,9,14
GCA_001549655.1_Saureus_TMUS2126,15,49,2718,25,0,4
GCA_001549675.1_Saureus_TMUS2134,15,49,2721,25,0,4
GCA_001558795.2_Saureus_FDAARGOS_159,19,51,2810,16,5,8
GCA_001580495.1_Saureus_FORC_012,28,59,2829,13,10,12
GCA_001580515.1_Saureus_UTSWMRSA55,78,190,3151,18,31,19
GCA_001594205.1_Saureus_MCRF184,6,12,2575,0,0,0
GCA_001611325.1_Saureus_ST20130940,13,31,2619,11,0,4
GCA_001611345.1_Saureus_ST20130941,13,30,2591,10,0,4
GCA_001611365.1_Saureus_ST20130942,12,26,2724,0,2,5
GCA_001611385.1_Saureus_ST20130943,13,28,2725,2,2,5
GCA_001611405.1_Saureus_ST20130938,15,35,2689,9,0,8
GCA_001611425.1_Saureus_ST20130939,15,34,2688,8,0,8
GCA_001618305.1_Saureus_RIVM6519,19,45,2758,10,8,8
GCA_001640885.1_Saureus_ZJ5499,33,72,2818,13,16,8
GCA_001640905.1_Saureus_NCCP14558,55,151,2990,44,32,14
GCA_001640925.1_Saureus_NCCP14562,34,101,2918,40,15,6
GCA_001641025.1_Saureus_V521,69,166,3169,27,41,17
GCA_001656045.1_Saureus_08-02119,22,46,2754,6,5,14
GCA_001656075.1_Saureus_08-02300,11,21,2675,3,2,2
GCA_001717645.3_Saureus_5118.N,31,66,2991,19,9,6
GCA_001717665.2_Saureus_2148.N,21,41,2690,9,2,4
GCA_001717685.3_Saureus_1971.C01,44,84,3015,10,20,10
GCA_001717705.2_Saureus_1969.N,30,57,2928,11,11,11
GCA_001717725.2_Saureus_1625.C01,27,52,2973,10,12,8
GCA_001717975.3_Saureus_2148.C01,25,50,2898,14,6,8
GCA_001725965.1_Saureus_FORC_027,44,98,2890,14,28,13
GCA_001735655.2_Saureus_3020.C01,32,61,2994,11,12,10
GCA_001879545.1_Saureus_FORC_026,8,16,2622,0,0,4
GCA_001880265.1_Saureus_SA40TW,10,34,2688,22,0,0
GCA_001887075.1_Saureus_LA-MRSAST398,19,43,2787,9,5,18
GCA_001900185.1_Saureus_HG001,30,65,2836,7,14,18
GCA_001956755.1_Saureus_SJTUF_J27,19,45,2748,15,9,8
GCA_001956815.1_Saureus_USA300_SUR1,26,58,2910,14,12,12
GCA_001975005.1_Saureus_UCI62,32,75,2917,15,11,18
GCA_001975045.1_Saureus_UCI28,28,62,2821,13,9,9
GCA_001986135.1_Saureus_SR434,23,46,2824,6,1,10
GCA_002000565.1_Saureus_USA300-SUR9,31,66,2983,12,16,16
GCA_002000585.1_Saureus_USA300-SUR10,31,66,2983,12,16,16
GCA_002000605.1_Saureus_USA300-SUR11,31,66,2983,12,16,16
GCA_002000625.1_Saureus_USA300-SUR12,27,57,2913,13,11,11
GCA_002000645.1_Saureus_USA300-SUR13,29,63,2983,13,12,16
GCA_002000665.1_Saureus_USA300-SUR14,29,63,2982,13,12,16
GCA_002000685.1_Saureus_USA300-SUR15,29,63,3020,13,12,16
GCA_002000705.1_Saureus_USA300-SUR16,29,63,2981,13,12,16
GCA_002000725.1_Saureus_USA300-SUR17,29,63,2982,13,12,16
GCA_002000745.1_Saureus_USA300-SUR18,29,63,2981,13,12,16
GCA_002000765.1_Saureus_USA300-SUR19,29,63,2983,13,12,16
GCA_002000785.1_Saureus_USA300-SUR20,27,59,2976,13,12,14
GCA_002000805.1_Saureus_USA300-SUR21,29,63,2984,13,12,16
GCA_002000825.1_Saureus_USA300-SUR22,27,59,2975,13,12,14
GCA_002000845.1_Saureus_USA300-SUR23,27,59,2975,13,12,14
GCA_002000865.1_Saureus_USA300-SUR24,29,63,3020,13,12,16
GCA_002025125.1_Saureus_08S00974,10,25,2666,9,0,8
GCA_002025145.1_Saureus_ATCC6538,14,33,2694,12,0,2
GCA_002085525.1_Saureus_JE2,28,55,2934,9,12,10
GCA_002088995.1_Saureus_C2406,26,53,2819,9,11,11
GCA_002089035.2_Saureus_293G,11,25,2693,7,2,8
GCA_002089055.1_Saureus_GD5,42,90,2641,8,14,10
GCA_002089075.2_Saureus_GD705,27,71,2788,10,16,16
GCA_002089095.2_Saureus_GD1677,14,31,2766,9,4,8
GCA_002089115.2_Saureus_GD1539,26,59,2805,7,19,13
GCA_002097595.2_Saureus_M92,35,77,3131,23,12,8
GCA_002140115.1_Saureus_FORC_039,13,27,2751,2,2,8
GCA_002202075.1_Saureus_Seattle1945,18,42,2685,10,11,4
GCA_002202095.1_Saureus_Seattle1945,33,72,2699,14,23,8
GCA_002204555.1_Saureus_ISU935,31,70,2758,13,19,10
GCA_002204575.1_Saureus_ISU926,20,44,2723,8,7,18
GCA_002209325.1_Saureus_FORC_045,13,37,2708,13,0,6
GCA_002214665.1_Saureus_FORC_040,12,29,2646,15,0,2
GCA_002310395.1_Saureus_Newman_D2C,78,191,2977,7,81,35
GCA_002310435.1_Saureus_NYU_Newman,78,191,2978,7,81,35
GCA_002355355.1_Saureus_OC8,28,77,2901,28,7,13
GCA_002356675.1_Saureus_JH4899,20,45,2761,12,6,4
GCA_002386245.1_Saureus_FDAARGOS_412,16,33,2743,7,0,4
GCA_002442975.1_Saureus_HZW450,26,72,2713,29,8,4
GCA_002633765.1_Saureus_CFSAN007835,7,17,2634,0,0,0
GCA_002633785.1_Saureus_CFSAN007847,23,58,2871,20,17,6
GCA_002633805.1_Saureus_CFSAN007850,18,43,2728,11,6,4
GCA_002633825.1_Saureus_CFSAN007851,11,22,2774,0,3,5
GCA_002633845.1_Saureus_CFSAN007883,9,36,2631,19,0,0
GCA_002633865.1_Saureus_CFSAN007894,11,31,2756,6,0,2
GCA_002786465.1_Saureus_EDCC5458,24,51,2795,9,12,11
GCA_002786535.1_Saureus_EDCC5464,11,43,2741,21,2,0
GCA_002795285.1_Saureus_USA400-0051,10,20,2871,0,0,6
GCA_002803885.1_Saureus_55-99-44,13,33,2759,12,2,6
GCA_002850395.1_Saureus_K17,13,25,2788,2,3,2
GCA_002850415.1_Saureus_K18,14,27,2790,2,3,2
GCA_002895385.1_Saureus_MRSA107,60,137,3216,27,38,8
GCA_002952015.1_Saureus_K5,12,25,2774,4,3,2
GCA_003010875.1_Saureus_FORC59,10,21,2729,2,3,2
GCA_003029645.1_Saureus_CFSAN064038,21,51,2955,11,9,15
GCA_003030065.1_Saureus_CFSAN018749,34,85,2932,25,14,19
GCA_003030085.1_Saureus_CFSAN064037,9,25,2738,8,0,4
GCA_003030225.1_Saureus_CFSAN018750,33,64,2719,4,13,4
GCA_003031285.1_Saureus_TF3198,18,37,2840,7,0,2
GCA_003031425.1_Saureus_CFSAN007896,14,42,2860,22,3,7
GCA_003031485.1_Saureus_CC5,11,33,2763,10,2,2
GCA_003073395.1_Saureus_CIT,27,53,2940,9,12,10
GCA_003073415.1_Saureus_CAR,21,41,2872,9,6,6
GCA_003073435.1_Saureus_OXLIM,27,53,2940,9,12,10
GCA_003073635.1_Saureus_AR466,19,40,2809,4,8,6
GCA_003073655.1_Saureus_AR465,80,178,3018,12,54,35
GCA_003073715.1_Saureus_AR461,76,171,2984,12,61,30
GCA_003073755.1_Saureus_AR464,13,28,2820,3,2,4
GCA_003073775.1_Saureus_AR462,10,33,2782,9,2,2
GCA_003111725.1_Saureus_SVH7513,59,134,3040,31,31,10
GCA_003111745.1_Saureus_PTDrAP2,40,114,2898,39,18,11
GCA_003184985.1_Saureus_IT1-S,15,57,2813,25,3,0
GCA_003185005.1_Saureus_IT4-R,15,57,2813,25,3,0
GCA_003186105.1_Saureus_MOK063,25,58,2825,18,6,4
GCA_003186125.1_Saureus_MOK042,21,49,2928,10,12,7
GCA_003193665.1_Saureus_AR_0472,20,39,2868,7,6,6
GCA_003193685.1_Saureus_AR_0223,35,66,2942,6,17,12
GCA_003193705.1_Saureus_AR_0219,24,57,2967,10,16,4
GCA_003193725.1_Saureus_AR_0216,31,66,3048,13,16,16
GCA_003193745.1_Saureus_AR_0470,39,111,2964,38,28,16
GCA_003193765.1_Saureus_AR_0471,11,24,2842,6,2,4
GCA_003193785.1_Saureus_AR_0473,20,39,2867,7,6,6
GCA_003193885.1_Saureus_AR_0467,36,83,3023,2,26,24
GCA_003193965.1_Saureus_AR_0225,31,62,3016,5,18,17
GCA_003194005.1_Saureus_AR_0469,56,118,2916,15,34,24
GCA_003194025.1_Saureus_AR_0215,71,154,3019,14,54,27
GCA_003194405.1_Saureus_CHU15-056,13,38,2804,12,4,6
GCA_003203595.1_Saureus_AR_0226,30,59,2975,13,12,10
GCA_003203615.1_Saureus_AR_0468,79,178,3016,14,54,35
GCA_003203635.1_Saureus_AR_0228,36,80,2984,5,21,21
GCA_003203655.1_Saureus_AR_0222,11,32,2702,7,2,2
GCA_003203675.1_Saureus_AR_0220,24,57,2881,13,8,4
GCA_003264775.1_Saureus_CMRSA-3,74,174,3039,20,47,25
GCA_003264815.1_Saureus_CMRSA-6,38,85,3137,23,14,8
GCA_003288395.1_Saureus_AR_475,19,62,2797,33,17,0
GCA_003330905.1_Saureus_AR_474,55,130,3012,19,30,26
GCA_003342735.1_Saureus_E16SA093,19,44,2800,14,4,8
GCA_003342775.1_Saureus_F17SA003,28,61,2790,18,8,8
GCA_003347055.1_Saureus_FORC_061,14,35,2756,9,1,4
GCA_003351925.1_Saureus_FORC_062,44,99,2894,15,28,13
GCA_003354545.1_Saureus_27,14,55,2819,21,8,4
GCA_003354565.1_Saureus_187,35,111,2984,45,15,8
GCA_003354585.1_Saureus_629,35,113,2985,46,15,8
GCA_003354605.1_Saureus_422,14,61,2839,24,1,10
GCA_003354625.1_Saureus_468,20,53,2796,21,13,4
GCA_003354645.1_Saureus_128,14,61,2839,24,1,10
GCA_003354665.1_Saureus_165,64,152,2978,29,31,22
GCA_003354685.1_Saureus_277,10,38,2792,26,0,2
GCA_003354705.1_Saureus_61,35,107,2983,44,13,8
GCA_003354725.1_Saureus_143,20,53,2796,21,13,4
GCA_003354745.1_Saureus_466,20,53,2797,21,13,4
GCA_003354765.1_Saureus_191,35,107,2983,44,13,8
GCA_003354785.1_Saureus_85,10,39,2793,27,0,2
GCA_003354805.1_Saureus_54,18,35,2794,9,0,4
GCA_003354865.1_Saureus_45,15,34,2758,8,2,8
GCA_003354885.1_Saureus_164,25,49,2897,9,6,6
GCA_003354905.1_Saureus_78,15,57,2861,23,8,4
GCA_003354925.1_Saureus_135,15,34,2758,8,2,8
GCA_003354945.1_Saureus_545,71,172,3071,30,41,31
GCA_003354965.1_Saureus_546,64,156,3009,33,31,22
GCA_003354985.1_Saureus_628,35,107,2983,44,13,8
GCA_003394105.1_Saureus_WCH-SK2,54,146,2976,42,38,4
GCA_003425545.1_Saureus_199,28,58,2962,10,5,11
GCA_003425835.1_Saureus_28,23,45,2903,5,8,7
GCA_003425885.1_Saureus_82,20,41,2899,5,8,7
GCA_003425915.1_Saureus_64,28,58,2962,10,5,11
GCA_003426145.1_Saureus_MOZ66,27,56,2834,14,6,10
GCA_003431365.1_Saureus_CFBR-105,20,53,2776,16,2,2
GCA_003432345.1_Saureus_NX-T55,22,62,2889,28,0,2
GCA_003432365.1_Saureus_QD-CD9,27,70,2899,26,4,4
GCA_003490125.1_Saureus_O17,19,39,2772,5,11,10
GCA_003573835.1_Saureus_JMUB3031,25,50,2934,6,8,14
GCA_003573855.1_Saureus_JMUB1273,8,17,2733,2,1,2
GCA_003595365.1_Saureus_USA300-SUR1,26,58,2910,14,12,12
GCA_003595385.1_Saureus_USA300-SUR2,27,60,2968,14,12,12
GCA_003595405.1_Saureus_USA300-SUR3,30,63,3046,13,13,15
GCA_003595425.1_Saureus_USA300-SUR4,32,66,3050,12,17,15
GCA_003595445.1_Saureus_USA300-SUR5,31,66,2983,12,16,16
GCA_003595465.1_Saureus_USA300-SUR6,29,63,2982,13,12,16
GCA_003595485.1_Saureus_USA300-SUR7,29,63,2981,13,12,16
GCA_003595505.1_Saureus_USA300-SUR8,31,66,2983,12,16,16
GCA_003609855.1_Saureus_JP080,10,26,2695,6,0,4
GCA_003609895.1_Saureus_GN3,11,40,2781,27,2,0
GCA_003609915.1_Saureus_GN1,12,41,2724,26,0,2
GCA_003627835.1_Saureus_O326,10,20,2770,0,2,6
GCA_003827735.1_Saureus_ATCCBAA-39,15,36,2767,13,2,2
GCA_003827915.1_Saureus_FDAARGOS_504,37,76,2920,16,16,6
GCA_003855575.1_Saureus_80wphwpl_v1,24,59,2687,21,10,6
GCA_003944865.1_Saureus_80wphwpl,10,28,2661,16,0,2
GCA_003945405.1_Saureus_TUM9458,49,179,3073,68,40,23
GCA_003945425.1_Saureus_TUM9463,58,179,3028,65,43,22
GCA_003952625.1_Saureus_PMB81-4,34,69,2920,0,7,13
GCA_003955945.1_Saureus_O267,52,123,2923,8,54,32
GCA_003957315.1_Saureus_PMB64-1,29,100,2769,34,10,8
GCA_003991015.1_Saureus_USA100,16,40,2789,8,2,2
GCA_004026165.1_Saureus_PCFH-226,11,37,2807,18,0,7
GCA_004026185.1_Saureus_PCFA-221,11,33,2736,19,0,6
GCA_004118995.1_Saureus_LAC,28,52,2942,6,12,10
GCA_004136235.1_Saureus_M51,21,40,2848,10,2,6
GCA_004136255.1_Saureus_M48,45,107,3170,15,33,17
GCA_004136655.1_Saureus_S57,29,71,2897,22,8,4
GCA_004153345.1_Saureus_VB9352,26,58,2878,14,11,10
GCA_004153365.1_Saureus_VB31683,31,70,2855,21,19,4
GCA_004193875.1_Saureus_C3948,19,37,2842,9,2,6
GCA_004193895.1_Saureus_H489,17,39,2789,7,3,4
GCA_004208595.1_Saureus_592,24,52,2885,12,4,8
GCA_004368035.1_Saureus_2288,9,18,2846,2,0,4
GCA_004421085.1_Saureus_04-002,22,55,2874,21,7,8
GCA_004614295.1_Saureus_C8879,27,53,2890,11,10,10
GCA_004614315.1_Saureus_JK3137,66,140,3068,9,47,27
GCA_004771515.1_Saureus_B119,18,37,2770,5,10,9
GCA_004771975.1_Saureus_O408,13,26,2767,2,2,8
GCA_004772055.1_Saureus_O331,12,34,2652,17,7,0
GCA_004772175.1_Saureus_O55,13,26,2808,0,12,6
GCA_004772215.1_Saureus_O268,43,91,2878,6,36,19
GCA_004785995.1_Saureus_WCUH29,48,109,2966,9,32,25
GCA_004797195.1_Saureus_O82,12,24,2720,2,2,10
GCA_005705635.1_Saureus_R46,25,66,2894,7,11,6
GCA_005705815.1_Saureus_Lr6,17,39,2776,9,2,2
GCA_005706035.1_Saureus_P10,44,115,3119,11,27,25
GCA_005706855.1_Saureus_Lr2,17,30,2869,10,1,4
GCA_005707015.1_Saureus_R50,24,52,2882,8,10,10
GCA_005707215.1_Saureus_Lr12,13,27,2798,2,4,6
GCA_005707335.1_Saureus_Lr3,14,32,2706,6,4,0
GCA_005885975.1_Saureus_Col52-A5,18,42,2852,16,0,10
GCA_005889995.1_Saureus_J01,30,71,2963,19,9,11
GCA_005890015.1_Saureus_JKD6004,39,111,2941,36,14,8
GCA_005890035.1_Saureus_D592-HR,24,53,2817,12,4,8
GCA_005931015.1_Saureus_GD487,14,31,2707,5,5,12
GCA_005931035.1_Saureus_GD1108,32,71,2725,17,14,20
GCA_005931055.1_Saureus_GD1696,15,35,2742,9,5,10
GCA_005954685.1_Saureus_D592,24,53,2814,12,4,8
GCA_006088835.1_Saureus_aureus,40,125,3014,43,29,9
GCA_006094915.1_Saureus_ATCC12600,16,33,2743,9,0,4
GCA_006364675.1_Saureus_FDAARGOS_773,16,28,2747,6,0,4
GCA_006364775.1_Saureus_FDAARGOS_766,34,105,3031,40,15,14
GCA_007185035.1_Saureus_JRA307,42,87,2951,8,13,22
GCA_007410625.1_Saureus_JKD6004-DR,39,113,2938,37,14,8
GCA_007726325.1_Saureus_B3-14B,31,69,2883,9,9,19
GCA_007726465.1_Saureus_B2-7A,20,41,2809,7,6,2
GCA_007726495.1_Saureus_B2-15A,16,38,2791,7,8,6
GCA_007726525.1_Saureus_B4-59C,18,43,2755,9,7,4
GCA_007726545.1_Saureus_B8-13D,16,38,2797,7,8,6
GCA_007726565.1_Saureus_B3-17D,32,71,2841,7,21,13
GCA_007813675.1_Saureus_13,10,20,2688,0,0,4
GCA_007826355.1_Saureus_NP66,11,19,2699,0,0,2
GCA_007954445.1_Saureus_BSN9S,21,43,2855,9,6,6
GCA_007954465.1_Saureus_BSN9R,21,43,2855,9,6,6
GCA_007998145.1_Saureus_X22,35,85,2895,17,22,10
GCA_008244705.1_Saureus_NRS384,27,55,2883,9,12,10
GCA_008244725.1_Saureus_NRS384-rpoB-H481N-NCV,27,55,2883,9,12,10
GCA_008244745.1_Saureus_NRS384-rpoB-H481N-SCV,27,52,2883,8,12,10
GCA_008329865.1_Saureus_CFSAN082782,25,53,2907,13,12,10
GCA_008329885.1_Saureus_CFSAN082781,25,53,2907,13,12,10
GCA_008330045.1_Saureus_VGC1,28,74,2849,30,11,6
GCA_008330585.1_Saureus_CFSAN082783,14,35,2766,11,4,2
GCA_008370815.1_Saureus_16445,66,142,3034,14,42,34
GCA_008462245.1_Saureus_GD1706,20,46,2826,11,9,13
GCA_008619075.1_Saureus_KUN1163,31,70,2949,19,12,11
GCA_008619235.1_Saureus_KUH140013,25,51,2814,10,13,4
GCA_008619415.1_Saureus_KUH140046,26,57,2840,17,0,2
GCA_008619595.1_Saureus_KUH140087,12,27,2604,0,2,9
GCA_008619795.1_Saureus_KUH140331,12,20,2699,0,0,3
GCA_008619935.1_Saureus_KUH180038,24,53,2834,17,0,2
GCA_008620055.1_Saureus_KUH180062,31,77,2967,24,12,11
GCA_008620175.1_Saureus_KUH180129,30,73,2892,22,9,10
GCA_008693765.1_Saureus_FDAARGOS_660,23,68,2815,32,15,6
GCA_009176765.1_Saureus_KG-03,42,113,2944,35,27,12
GCA_009176785.1_Saureus_KG-18,46,147,2989,56,29,12
GCA_009176875.1_Saureus_KG-22,44,137,2988,50,29,12
GCA_009650155.1_Saureus_CFSAN007894,11,26,2635,5,2,2
GCA_009684655.1_Saureus_ZY05,15,55,2732,37,4,0
GCA_009728755.1_Saureus_ST20130944,49,109,2802,25,37,14
GCA_009728775.1_Saureus_ST20130945,33,77,2737,25,22,8
GCA_009731595.1_Saureus_Tokyo12480,9,39,2636,18,2,0
GCA_009739675.1_Saureus_P2D8C1,24,57,2805,16,7,6
GCA_009739695.1_Saureus_P2D1C1,24,57,2801,16,7,6
GCA_009739715.1_Saureus_P2D15C1,24,56,2806,15,7,6
GCA_009739735.1_Saureus_P1D9C1,22,50,2722,11,7,6
GCA_009739755.1_Saureus_P1D8C2,22,50,2722,11,7,6
GCA_009739775.1_Saureus_P1D8C1,22,50,2722,11,7,6
GCA_009739795.1_Saureus_P1D7C1,22,50,2719,11,7,6
GCA_009739825.1_Saureus_P1D5C1,22,50,2722,11,7,6
GCA_009739845.1_Saureus_P1D1C1,22,50,2722,11,7,6
GCA_009739865.1_Saureus_P1D14C1,22,50,2722,11,7,6
GCA_009739885.1_Saureus_P1D12C1,22,50,2722,11,7,6
GCA_009740205.1_Saureus_P1D5C2,22,50,2722,11,7,6
GCA_900004855.1_Saureus_BB155,18,49,2710,14,11,11
GCA_900017775.1_Saureus_NZAK3,15,38,2835,13,4,4
GCA_900092595.1_Saureus_Sa_Newman_UoM,78,189,2916,7,66,41
GCA_900096745.1_Saureus_AUS0325,28,56,2742,4,10,12
GCA_900129335.1_Saureus_Clinicalisolate,16,34,2803,10,0,4
GCA_900155335.1_Saureus_NZ15MR0322,12,30,2879,10,5,4
GCA_900323905.1_Saureus_24117-WT,15,35,2670,9,0,8
GCA_900323925.1_Saureus_1549-WT,8,17,2663,3,0,0
GCA_900323955.1_Saureus_1549-REV,8,17,2662,3,0,0
GCA_900323965.1_Saureus_1549-SCV,8,17,2662,3,0,0
GCA_900324045.1_Saureus_24117-REV,15,35,2670,9,0,8
GCA_900324065.1_Saureus_24117-SCV,15,35,2670,9,0,8
GCA_900324205.1_Saureus_1_1439,32,70,2904,9,18,13
GCA_900324215.1_Saureus_3_LA_115,18,42,2917,8,2,16
GCA_900324225.1_Saureus_7_4623,21,47,2880,8,5,11
GCA_900324235.1_Saureus_5_3949,64,144,3021,8,43,35
GCA_900324245.1_Saureus_8_LA_272,31,67,2926,7,12,16
GCA_900324255.1_Saureus_2_LA_86,21,45,2862,7,4,10
GCA_900324265.1_Saureus_9_LA_281,29,66,2939,7,17,24
GCA_900324275.1_Saureus_6_LA_232,26,57,2853,10,12,15
GCA_900324285.1_Saureus_4_LA_208,18,41,2770,8,6,11
GCA_900324295.1_Saureus_16_LA_309,27,75,2892,23,7,14
GCA_900324305.1_Saureus_13_LA_301,18,42,2888,9,1,15
GCA_900324315.1_Saureus_12_LA_293,51,116,2971,8,34,36
GCA_900324325.1_Saureus_14_5418,37,79,2883,10,9,17
GCA_900324335.1_Saureus_15_LA_305,53,117,2905,8,53,20
GCA_900324345.1_Saureus_17_LA_343,34,94,2954,28,18,20
GCA_900324355.1_Saureus_10_5235,18,41,2786,9,2,10
GCA_900324365.1_Saureus_19_LA_388,16,37,2862,9,1,12
GCA_900324385.1_Saureus_20_LA_415,34,74,2937,8,18,18
GCA_900324405.1_Saureus_21_LA_436,26,57,2927,7,9,18
GCA_900324415.1_Saureus_22_LA_562,54,135,2901,23,49,32
GCA_900474525.1_Saureus_NCTC13394,48,138,2977,52,31,9
GCA_900474535.1_Saureus_NCTC7485,18,40,2646,10,11,4
GCA_900474555.1_Saureus_NCTC13137,11,22,2716,2,1,2
GCA_900474565.1_Saureus_NCTC8726,23,55,2675,13,10,8
GCA_900474575.1_Saureus_NCTC9944,38,95,2957,30,15,12
GCA_900474665.1_Saureus_NCTC9752,15,32,2682,9,2,4
GCA_900474675.1_Saureus_NCTC3761,19,42,2724,9,9,2
GCA_900474695.1_Saureus_NCTC5663,22,45,2742,3,7,16
GCA_900474715.1_Saureus_NCTC6136,20,41,2852,2,10,7
GCA_900474725.1_Saureus_NCTC13140,84,191,2979,29,55,34
GCA_900474735.1_Saureus_NCTC13395,34,80,2859,22,14,18
GCA_900474755.1_Saureus_NCTC10344,19,42,2806,12,4,4
GCA_900475055.1_Saureus_NCTC11940,22,61,2793,26,0,0
GCA_900475245.1_Saureus_NCTC8325,32,67,2911,7,14,20
GCA_900478245.1_Saureus_NCTC13277,18,53,2858,28,1,2
GCA_900607245.1_Saureus_JKD6009,31,90,3013,36,9,6
GCA_900607255.1_Saureus_BPH2019,39,117,2921,42,13,2
GCA_900607265.1_Saureus_BPH2003,48,114,3187,33,15,8
GCA_900607275.1_Saureus_BPH2070,30,104,2920,48,11,0
GCA_900607285.1_Saureus_BPH3244,46,121,3000,41,22,10
GCA_900607295.1_Saureus_BPH2869,69,168,3085,42,39,22
GCA_900607305.1_Saureus_BPH2056,25,65,3099,21,3,2
GCA_900620215.1_Saureus_BPH2760,10,20,2735,0,0,4
GCA_900620225.1_Saureus_BPH2819,11,35,2771,9,2,2
GCA_900620235.1_Saureus_BPH2900,21,50,2822,17,7,4
GCA_900620245.1_Saureus_BPH2947,50,121,3180,32,16,8
GCA_900620255.1_Saureus_BPH2986,25,52,3019,13,7,10
GCA_900635095.1_Saureus_NCTC8317,13,29,2761,2,2,5
GCA_900635245.1_Saureus_NCTC13142,21,51,2849,18,7,4
GCA_900635255.1_Saureus_NCTC13552,7,15,2724,3,0,0
GCA_900635265.1_Saureus_NCTC12233,19,37,2904,9,1,4
GCA_900635285.1_Saureus_NCTC7121,19,43,2868,12,2,4
GCA_900635305.1_Saureus_NCTC4137,12,26,2770,8,0,0
GCA_900635315.1_Saureus_NCTC9555,42,97,2877,8,39,25
GCA_900635335.1_Saureus_NCTC11965,25,65,2827,25,17,5
GCA_900635505.1_Saureus_NCTC4163,15,37,2792,11,0,2
GCA_900635905.1_Saureus_NCTC13616,21,54,2835,19,7,4
GCA_900636335.1_Saureus_NCTC7988,33,80,2878,7,30,19
GCA_900636695.1_Saureus_NCTC1803,49,110,2841,13,27,10
GCA_900637155.1_Saureus_NCTC13811,67,165,3003,26,51,31
GCF_000160335.2_ASM16033v2,25,60,2740,18,7,14
GCF_000953255.1_Staphylococcus_aureus_Sa_ILRI_217,42,110,2858,24,23,21
